"","area","agegroup","GENDER","activeusers"
"1","AH","15-25","1",174866.366747735
"2","AH","15-25","2",158307.019443338
"3","AH","26-30","1",227251.819396614
"4","AH","26-30","2",203554.80370422
"5","AH","31-35","1",308036.761514953
"6","AH","31-35","2",275764.289168896
"7","AH","36-40","1",148718.885509029
"8","AH","36-40","2",134167.793161932
"9","AH","41-59","1",46393.4289428785
"10","AH","41-59","2",40664.9496192187
