"","area","agegroup","GENDER","activeusers"
"1","BJ","15-25","1",282419.754440553
"2","BJ","15-25","2",257093.824027303
"3","BJ","26-30","1",368611.149209374
"4","BJ","26-30","2",333367.382121356
"5","BJ","31-35","1",499651.991015223
"6","BJ","31-35","2",449231.379860457
"7","BJ","36-40","1",240965.536987564
"8","BJ","36-40","2",218699.89068347
"9","BJ","41-59","1",74926.7160761122
"10","BJ","41-59","2",66073.1561075225
