"","area","agegroup","GENDER","activeusers"
"1","CQ","15-25","1",108614.797844176
"2","CQ","15-25","2",92451.1650353878
"3","CQ","26-30","1",139963.204744246
"4","CQ","26-30","2",121194.345491039
"5","CQ","31-35","1",192304.297399979
"6","CQ","31-35","2",165281.503752395
"7","CQ","36-40","1",91604.3298723414
"8","CQ","36-40","2",79657.5412349019
"9","CQ","41-59","1",28037.8427647115
"10","CQ","41-59","2",44296.5598321741
