"","area","agegroup","GENDER","activeusers"
"1","FJ","15-25","1",215306.135900251
"2","FJ","15-25","2",193498.37449331
"3","FJ","26-30","1",278772.020648306
"4","FJ","26-30","2",251840.082230253
"5","FJ","31-35","1",378873.694949534
"6","FJ","31-35","2",341169.261932013
"7","FJ","36-40","1",181913.174872643
"8","FJ","36-40","2",164733.872543706
"9","FJ","41-59","1",56421.4768526259
"10","FJ","41-59","2",47176.3375924893
