"","area","agegroup","GENDER","activeusers"
"1","GD","15-25","1",734348.171433467
"2","GD","15-25","2",649430.631598361
"3","GD","26-30","1",947414.57477252
"4","GD","26-30","2",847568.036743363
"5","GD","31-35","1",1284998.0457509
"6","GD","31-35","2",1140464.52269426
"7","GD","36-40","1",616937.657620888
"8","GD","36-40","2",554050.836898803
"9","GD","41-59","1",193340.01076583
"10","GD","41-59","2",176197.266828428
