"","area","agegroup","GENDER","activeusers"
"1","GS","15-25","1",69199.1304269802
"2","GS","15-25","2",62271.7208278324
"3","GS","26-30","1",89289.2465153615
"4","GS","26-30","2",81019.6349917887
"5","GS","31-35","1",121434.056565458
"6","GS","31-35","2",109875.435816031
"7","GS","36-40","1",58572.5544937824
"8","GS","36-40","2",52496.8562762482
"9","GS","41-59","1",18008.5489350962
"10","GS","41-59","2",15402.3506329221
