"","area","agegroup","GENDER","activeusers"
"1","GX","15-25","1",92366.1590324898
"2","GX","15-25","2",80836.5138526599
"3","GX","26-30","1",120429.424171628
"4","GX","26-30","2",104813.76188304
"5","GX","31-35","1",163443.414600776
"6","GX","31-35","2",142378.715855851
"7","GX","36-40","1",79549.1903108057
"8","GX","36-40","2",68690.8921415623
"9","GX","41-59","1",24516.5126241246
"10","GX","41-59","2",37407.4802509765
