"","area","agegroup","GENDER","activeusers"
"1","GZ","15-25","1",65596.9590790361
"2","GZ","15-25","2",59210.3350604333
"3","GZ","26-30","1",85567.8861489273
"4","GZ","26-30","2",76504.4638583339
"5","GZ","31-35","1",116116.360976361
"6","GZ","31-35","2",104155.322693585
"7","GZ","36-40","1",55839.7075630192
"8","GZ","36-40","2",50893.9033526966
"9","GZ","41-59","1",17261.6368996513
"10","GZ","41-59","2",15642.2598319384
