"","area","agegroup","GENDER","activeusers"
"1","HaiN","15-25","1",27346.3340157431
"2","HaiN","15-25","2",23069.0631683804
"3","HaiN","26-30","1",34574.7585953807
"4","HaiN","26-30","2",29618.6752337393
"5","HaiN","31-35","1",47838.5179858669
"6","HaiN","31-35","2",40603.2965818934
"7","HaiN","36-40","1",22276.5107248243
"8","HaiN","36-40","2",19087.5925327289
"9","HaiN","41-59","1",6755.8525383486
"10","HaiN","41-59","2",11474.9081559738
