"","area","agegroup","GENDER","activeusers"
"1","HeB","15-25","1",263915.22167522
"2","HeB","15-25","2",238490.213970008
"3","HeB","26-30","1",343290.741879975
"4","HeB","26-30","2",312723.056122878
"5","HeB","31-35","1",466536.650506972
"6","HeB","31-35","2",421509.814947343
"7","HeB","36-40","1",226537.445912528
"8","HeB","36-40","2",203616.211496003
"9","HeB","41-59","1",70326.4645857268
"10","HeB","41-59","2",63627.559427125
