"","area","agegroup","GENDER","activeusers"
"1","HeN","15-25","1",218317.30177232
"2","HeN","15-25","2",197936.809455333
"3","HeN","26-30","1",284523.090908501
"4","HeN","26-30","2",256824.270827372
"5","HeN","31-35","1",385955.315554962
"6","HeN","31-35","2",350063.433034541
"7","HeN","36-40","1",186296.746603785
"8","HeN","36-40","2",168857.909512651
"9","HeN","41-59","1",57241.2816942249
"10","HeN","41-59","2",47922.6317625551
