"","area","agegroup","GENDER","activeusers"
"1","HLJ","15-25","1",110408.062110412
"2","HLJ","15-25","2",95950.3819033701
"3","HLJ","26-30","1",143090.420514015
"4","HLJ","26-30","2",121216.059826388
"5","HLJ","31-35","1",194222.45683775
"6","HLJ","31-35","2",167835.384304432
"7","HLJ","36-40","1",93292.7112541209
"8","HLJ","36-40","2",79761.6651577897
"9","HLJ","41-59","1",28762.5067365156
"10","HLJ","41-59","2",49687.7235997305
