"","area","agegroup","GENDER","activeusers"
"1","HuB","15-25","1",269410.096992295
"2","HuB","15-25","2",243736.658231731
"3","HuB","26-30","1",351896.619289929
"4","HuB","26-30","2",318703.32761556
"5","HuB","31-35","1",475760.725418632
"6","HuB","31-35","2",430006.836642317
"7","HuB","36-40","1",229881.539308522
"8","HuB","36-40","2",210193.738250728
"9","HuB","41-59","1",71857.7211307816
"10","HuB","41-59","2",61469.8717238509
