"","area","agegroup","GENDER","activeusers"
"1","HuN","15-25","1",177097.2333537
"2","HuN","15-25","2",160604.849554408
"3","HuN","26-30","1",230549.382234552
"4","HuN","26-30","2",208968.110804577
"5","HuN","31-35","1",312912.710415874
"6","HuN","31-35","2",279828.148381608
"7","HuN","36-40","1",151365.964527815
"8","HuN","36-40","2",136442.13421726
"9","HuN","41-59","1",46989.4859145734
"10","HuN","41-59","2",40461.7983838865
