"","area","agegroup","GENDER","activeusers"
"1","JL","15-25","1",104483.781553981
"2","JL","15-25","2",91447.4459772945
"3","JL","26-30","1",134047.403206165
"4","JL","26-30","2",115564.975673884
"5","JL","31-35","1",184192.558934346
"6","JL","31-35","2",159414.50480052
"7","JL","36-40","1",87178.9333929022
"8","JL","36-40","2",76899.4579501672
"9","JL","41-59","1",26384.2783787701
"10","JL","41-59","2",40903.7162990327
