"","area","agegroup","GENDER","activeusers"
"1","JS","15-25","1",399272.57773248
"2","JS","15-25","2",358941.308729079
"3","JS","26-30","1",514554.775542477
"4","JS","26-30","2",459345.770826585
"5","JS","31-35","1",698343.4940606
"6","JS","31-35","2",625983.542791718
"7","JS","36-40","1",334611.709515654
"8","JS","36-40","2",296879.053780345
"9","JS","41-59","1",104099.650671835
"10","JS","41-59","2",92026.8404110173
