"","area","agegroup","GENDER","activeusers"
"1","JX","15-25","1",142932.118335377
"2","JX","15-25","2",128558.85075661
"3","JX","26-30","1",185245.149383685
"4","JX","26-30","2",167754.397870556
"5","JX","31-35","1",252559.699436471
"6","JX","31-35","2",227117.185803113
"7","JX","36-40","1",120995.563125986
"8","JX","36-40","2",110559.792360416
"9","JX","41-59","1",37403.6895833113
"10","JX","41-59","2",32327.9628409129
