"","area","agegroup","GENDER","activeusers"
"1","LN","15-25","1",221665.813672274
"2","LN","15-25","2",200800.7526106
"3","LN","26-30","1",285419.008092086
"4","LN","26-30","2",257132.952497257
"5","LN","31-35","1",389103.410650712
"6","LN","31-35","2",350512.032481605
"7","LN","36-40","1",185445.834162587
"8","LN","36-40","2",167702.563762965
"9","LN","41-59","1",57734.1822734747
"10","LN","41-59","2",49219.6712519199
