"","area","agegroup","GENDER","activeusers"
"1","NMG","15-25","1",73231.5334535872
"2","NMG","15-25","2",66018.8316230203
"3","NMG","26-30","1",95015.5708751012
"4","NMG","26-30","2",86149.7266777626
"5","NMG","31-35","1",129160.294737268
"6","NMG","31-35","2",116913.463464776
"7","NMG","36-40","1",62273.3808155412
"8","NMG","36-40","2",56697.5656511041
"9","NMG","41-59","1",19294.3986947017
"10","NMG","41-59","2",17093.9948013482
