"","area","agegroup","GENDER","activeusers"
"1","other","15-25","1",229720.632634934
"2","other","15-25","2",190950.09517756
"3","other","26-30","1",287040.197327128
"4","other","26-30","2",242243.672717108
"5","other","31-35","1",394749.595133248
"6","other","31-35","2",333963.896454715
"7","other","36-40","1",183865.320320771
"8","other","36-40","2",156101.653000227
"9","other","41-59","1",58144.1403644979
"10","other","41-59","2",89671.5975886356
