"","area","agegroup","GENDER","activeusers"
"1","SC","15-25","1",416818.813750654
"2","SC","15-25","2",373724.572348014
"3","SC","26-30","1",538840.121592312
"4","SC","26-30","2",488013.732188375
"5","SC","31-35","1",734969.473133476
"6","SC","31-35","2",656652.536793947
"7","SC","36-40","1",352401.544613802
"8","SC","36-40","2",315469.883355781
"9","SC","41-59","1",110107.494879369
"10","SC","41-59","2",98748.7879339034
