"","area","agegroup","GENDER","activeusers"
"1","SD","15-25","1",301471.4589288
"2","SD","15-25","2",274768.999128148
"3","SD","26-30","1",397284.976218443
"4","SD","26-30","2",356700.622505059
"5","SD","31-35","1",534954.398239214
"6","SD","31-35","2",484082.939846699
"7","SD","36-40","1",260338.579234978
"8","SD","36-40","2",236146.245349914
"9","SD","41-59","1",81053.2762745547
"10","SD","41-59","2",71114.751928168
