"","area","agegroup","GENDER","activeusers"
"1","SH","15-25","1",335380.68612523
"2","SH","15-25","2",300444.428621458
"3","SH","26-30","1",436563.359174569
"4","SH","26-30","2",391684.165994997
"5","SH","31-35","1",586508.28587235
"6","SH","31-35","2",530257.265350398
"7","SH","36-40","1",284719.880673713
"8","SH","36-40","2",256203.729953981
"9","SH","41-59","1",89463.7655619387
"10","SH","41-59","2",82780.4836654392
