"","area","agegroup","GENDER","activeusers"
"1","SX","15-25","1",117670.976472368
"2","SX","15-25","2",106098.140451647
"3","SX","26-30","1",153049.774235462
"4","SX","26-30","2",138917.830334724
"5","SX","31-35","1",206909.484990782
"6","SX","31-35","2",188139.396828627
"7","SX","36-40","1",100965.693019226
"8","SX","36-40","2",91883.5789001082
"9","SX","41-59","1",31462.9186369734
"10","SX","41-59","2",27401.6078262445
