"","area","agegroup","GENDER","activeusers"
"1","SXi","15-25","1",199269.944069719
"2","SXi","15-25","2",178708.681997864
"3","SXi","26-30","1",258320.800045538
"4","SXi","26-30","2",233895.364676821
"5","SXi","31-35","1",350975.190016054
"6","SXi","31-35","2",316039.180146751
"7","SXi","36-40","1",169274.379402428
"8","SXi","36-40","2",154100.532731995
"9","SXi","41-59","1",52611.9935122725
"10","SXi","41-59","2",46955.7121429957
