"","area","agegroup","GENDER","activeusers"
"1","TJ","15-25","1",191003.996680444
"2","TJ","15-25","2",172592.12810828
"3","TJ","26-30","1",251952.862514948
"4","TJ","26-30","2",229062.850706152
"5","TJ","31-35","1",337281.549462142
"6","TJ","31-35","2",309484.553572238
"7","TJ","36-40","1",166252.564492186
"8","TJ","36-40","2",150091.981041628
"9","TJ","41-59","1",51543.3386387391
"10","TJ","41-59","2",45421.8247798287
