"","area","agegroup","GENDER","activeusers"
"1","XJ","15-25","1",83127.9444669717
"2","XJ","15-25","2",70619.6427970187
"3","XJ","26-30","1",105945.326135977
"4","XJ","26-30","2",91772.5322268576
"5","XJ","31-35","1",145992.921992291
"6","XJ","31-35","2",126296.930761881
"7","XJ","36-40","1",68973.380069374
"8","XJ","36-40","2",59828.9403179057
"9","XJ","41-59","1",20965.8387977214
"10","XJ","41-59","2",32751.4531764053
