"","area","agegroup","GENDER","activeusers"
"1","YN","15-25","1",103457.587272719
"2","YN","15-25","2",93893.385481851
"3","YN","26-30","1",134960.829306822
"4","YN","26-30","2",122933.418960655
"5","YN","31-35","1",183640.544438584
"6","YN","31-35","2",166110.846945122
"7","YN","36-40","1",89407.3570670564
"8","YN","36-40","2",80257.7930199842
"9","YN","41-59","1",27516.5922364449
"10","YN","41-59","2",23635.950786355
