"","area","agegroup","GENDER","activeusers"
"1","ZJ","15-25","1",330889.540052811
"2","ZJ","15-25","2",297775.965591051
"3","ZJ","26-30","1",427572.962384742
"4","ZJ","26-30","2",384376.111065114
"5","ZJ","31-35","1",582194.372724414
"6","ZJ","31-35","2",523210.372040477
"7","ZJ","36-40","1",279122.448578642
"8","ZJ","36-40","2",251189.091730765
"9","ZJ","41-59","1",86717.4204573796
"10","ZJ","41-59","2",76056.837629795
